SL,Student ID,Name,Ass.
1,17-34409-1,"MASRUR, KHALID",17
2,17-34746-2,"PIYAS, SANJADUL ALOM",15
3,17-35536-3,SUMNOON-E-TAHA,20
4,17-35672-3,"NILOY, MEHEDI HASAN",19
5,17-35677-3,"AMIN, MUHAMMAD AL",19
6,18-37027-1,"EHSAN, KHAN MD.",17
7,18-37051-1,"SIDDIQUE, HIZBULLAH ATIK",19
8,18-37144-1,"KHAN, JAFRIN MONSUR",17
9,18-37827-2,"TANVIR, MD. FARHAN",19
10,18-37912-2,"HASAN, SAZZAD",18
11,18-38923-3,"SHARAN, MEHRAB HOSSAIN",18
12,18-39130-3,"AMAN, MD. RATUL",20
13,18-39243-3,"HOSSAIN, MD. IMRAN",20
14,19-39342-1,"SAUMIK, MD. ASIKUR RAHMAN",20
15,19-39434-1,"ANJUM, MD. SAMIN",19
16,19-39458-1,"YEASDANI, NURA",20
17,19-39573-1,"MANNAN, LAMIA",20
18,19-39674-1,"ARNOB, TAHMID SHAHRIAR",16
19,19-40055-1,"ASIF, ISHRAK AHMED",19
20,19-40186-1,"ALI, MOHAMMAD",19
21,19-40194-1,"HASSAIN, HASIBUL",20
22,19-40223-1,"HARUN, ASIF IQBAL BIN",20
23,19-40255-1,"HAQUE, SAIF",18
24,19-40296-1,"PARAG, MD. AL-EMRAN",18
25,19-40359-1,"PRANTO, MOHAMMAED HASIB",20
26,19-40544-1,"RATUL, READOAN KHAN",19
27,19-40677-1,"SADIK, MD MEHRAB",12
28,19-40683-1,"ONKITA, TAMIM SULTANA",18
29,19-40703-1,"MEGHLA, REHENUMA TABASSUM",17
30,19-40751-1,"HASAN, MD. MAHMUDUL",18
31,19-40804-2,"SOIKAT, SAFIQUL ISLAM",19
32,19-40836-2,"UDDIN, MD. ARMAN",19
33,19-40877-2,"MAJID, ABDUL",20
34,19-40948-2,"WASEI, S. M. A.",20
35,19-41059-2,"MOBARAK, BHUIYAN SAAD BIN",20
36,19-41258-3,"UDDIN, RAIHAN",20
37,19-41275-3,"KHAN, FARDIN HASAN",20
38,19-41284-3,"HASSAN, MD. IBNA JAHID",19
39,19-41341-3,"BHOWMICK, MOHIM",18
40,19-41348-3,"RAHMAN, MD. MAHFUZUR",20
41,19-41450-3,"SHUVO, ABDULLAH AL MAMUN",19
42,19-41479-3,"SAHA, BIJON",20
43,19-41516-3,"TARFI, KASIRA - TUT-",20