Full Name,User Action,Timestamp
Akinul Islam Jony,Joined,"20/06/2021, 08:01:08"
BHUIYAN SAAD BIN MOBARAK,Joined,"20/06/2021, 08:01:20"
MOHIM BHOWMICK,Joined,"20/06/2021, 08:01:29"
HIZBULLAH ATIK SIDDIQUE,Joined,"20/06/2021, 08:01:31"
KASIRA - TUT- TARFI,Joined,"20/06/2021, 08:01:32"
KASIRA - TUT- TARFI,Left,"20/06/2021, 08:31:10"
KASIRA - TUT- TARFI,Joined,"20/06/2021, 08:31:10"
KASIRA - TUT- TARFI,Left,"20/06/2021, 08:49:56"
KASIRA - TUT- TARFI,Joined,"20/06/2021, 08:50:13"
KASIRA - TUT- TARFI,Left,"20/06/2021, 10:52:31"
KASIRA - TUT- TARFI,Joined,"20/06/2021, 10:52:36"
WASIMUL ISLAM TALUKDER,Joined,"20/06/2021, 08:01:38"
WASIMUL ISLAM TALUKDER,Left,"20/06/2021, 09:23:20"
MD. MAHMUDUL HASAN,Joined,"20/06/2021, 08:01:38"
ASIF IQBAL BIN HARUN,Joined,"20/06/2021, 08:01:43"
ABDULLAH AL MAMUN SHUVO,Joined,"20/06/2021, 08:01:47"
SAIF HAQUE,Joined,"20/06/2021, 08:01:50"
MEHEDI HASAN NILOY,Joined,"20/06/2021, 08:01:50"
MD. AL-EMRAN PARAG,Joined,"20/06/2021, 08:01:58"
MOHAMMED MOHAIMENUL ISLAM,Joined,"20/06/2021, 08:02:13"
MD. MAHFUZUR RAHMAN,Joined,"20/06/2021, 08:02:19"
S. M. A. WASEI,Joined,"20/06/2021, 08:02:21"
MUHAMMAD AL AMIN,Joined,"20/06/2021, 08:02:22"
LAMIA MANNAN,Joined,"20/06/2021, 08:02:31"
MD MEHRAB SADIK,Joined,"20/06/2021, 08:02:33"
MD MEHRAB SADIK,Left,"20/06/2021, 09:55:02"
BIJON SAHA,Joined,"20/06/2021, 08:02:39"
SUMNOON-E-TAHA,Joined,"20/06/2021, 08:03:11"
KHALID MASRUR,Joined,"20/06/2021, 08:03:18"
RAIHAN UDDIN,Joined,"20/06/2021, 08:04:12"
KHAN MD. EHSAN,Joined,"20/06/2021, 08:04:39"
KHAN MD. EHSAN,Left,"20/06/2021, 09:04:58"
KHAN MD. EHSAN,Joined,"20/06/2021, 09:10:14"
KHAN MD. EHSAN,Left,"20/06/2021, 09:23:20"
KHAN MD. EHSAN,Joined,"20/06/2021, 10:33:51"
SANJADUL ALOM PIYAS,Joined,"20/06/2021, 08:05:12"
SANJADUL ALOM PIYAS,Left,"20/06/2021, 08:58:51"
SANJADUL ALOM PIYAS,Joined,"20/06/2021, 09:40:00"
MOHAMMAD ALI,Joined,"20/06/2021, 08:05:19"
MOHAMMAD ALI,Left,"20/06/2021, 10:51:27"
HASIBUL HASSAIN,Joined,"20/06/2021, 08:05:32"
HASIBUL HASSAIN,Left,"20/06/2021, 10:46:24"
MD. ARMAN UDDIN,Joined,"20/06/2021, 08:06:05"
JAFRIN MONSUR KHAN,Joined,"20/06/2021, 08:07:03"
JAFRIN MONSUR KHAN,Left,"20/06/2021, 08:24:59"
JAFRIN MONSUR KHAN,Joined,"20/06/2021, 08:25:35"
JAFRIN MONSUR KHAN,Left,"20/06/2021, 08:40:27"
JAFRIN MONSUR KHAN,Joined,"20/06/2021, 08:40:41"
MD. SAMIN ANJUM,Joined,"20/06/2021, 08:07:30"
MD. SAMIN ANJUM,Left,"20/06/2021, 08:24:39"
MD. SAMIN ANJUM,Joined,"20/06/2021, 08:27:54"
MD. SAMIN ANJUM,Left,"20/06/2021, 09:42:45"
MD. SAMIN ANJUM,Joined,"20/06/2021, 09:47:56"
MD. SAMIN ANJUM,Left,"20/06/2021, 10:42:27"
MD. IBNA JAHID HASSAN,Joined,"20/06/2021, 08:07:42"
MD. IBNA JAHID HASSAN,Left,"20/06/2021, 08:55:27"
MD. IBNA JAHID HASSAN,Joined,"20/06/2021, 08:55:49"
MD. IBNA JAHID HASSAN,Left,"20/06/2021, 09:14:49"
MD. IBNA JAHID HASSAN,Joined,"20/06/2021, 09:17:49"
MD. IBNA JAHID HASSAN,Left,"20/06/2021, 09:37:57"
MD. IBNA JAHID HASSAN,Joined,"20/06/2021, 09:38:08"
MOHAMMAED HASIB PRANTO,Joined,"20/06/2021, 08:09:58"
MOHAMMAED HASIB PRANTO,Left,"20/06/2021, 08:23:50"
MOHAMMAED HASIB PRANTO,Joined,"20/06/2021, 09:26:13"
MOHAMMAED HASIB PRANTO,Left,"20/06/2021, 09:50:27"
MOHAMMAED HASIB PRANTO,Joined,"20/06/2021, 10:13:15"
MOHAMMAED HASIB PRANTO,Left,"20/06/2021, 10:27:23"
MOHAMMAED HASIB PRANTO,Joined,"20/06/2021, 10:28:08"
ISHRAK AHMED ASIF,Joined,"20/06/2021, 08:11:02"
ISHRAK AHMED ASIF,Left,"20/06/2021, 08:21:57"
ISHRAK AHMED ASIF,Joined,"20/06/2021, 08:21:57"
FARDIN HASAN KHAN,Joined,"20/06/2021, 08:12:25"
FARDIN HASAN KHAN,Left,"20/06/2021, 08:25:18"
FARDIN HASAN KHAN,Joined,"20/06/2021, 08:25:34"
MD. FARHAN TANVIR,Joined,"20/06/2021, 08:12:40"
IFTIKHER AHMED LIUM,Joined,"20/06/2021, 08:13:03"
IFTIKHER AHMED LIUM,Left,"20/06/2021, 09:05:20"
MD. ASIKUR RAHMAN SAUMIK,Joined,"20/06/2021, 08:15:03"
TAMIM SULTANA ONKITA,Joined,"20/06/2021, 08:17:16"
NURA YEASDANI,Joined,"20/06/2021, 08:17:27"
MEHRAB HOSSAIN SHARAN,Joined,"20/06/2021, 08:18:47"
SAZZAD HASAN,Joined,"20/06/2021, 08:21:21"
ABDUL MAJID,Joined,"20/06/2021, 08:24:29"
OASIF ASHRAF,Joined,"20/06/2021, 08:25:22"
OASIF ASHRAF,Left,"20/06/2021, 10:41:35"
OASIF ASHRAF,Joined,"20/06/2021, 10:41:59"
READOAN KHAN RATUL,Joined,"20/06/2021, 08:29:58"
READOAN KHAN RATUL,Left,"20/06/2021, 10:27:56"
READOAN KHAN RATUL,Joined,"20/06/2021, 10:29:52"
REHENUMA TABASSUM MEGHLA,Joined,"20/06/2021, 08:31:53"
REHENUMA TABASSUM MEGHLA,Left,"20/06/2021, 09:54:50"
MD. IMRAN HOSSAIN,Joined,"20/06/2021, 08:55:09"
MD. RATUL AMAN,Joined,"20/06/2021, 09:11:41"
MD. RATUL AMAN,Left,"20/06/2021, 10:21:07"
MD. RATUL AMAN,Joined,"20/06/2021, 10:23:05"
SAFIQUL ISLAM SOIKAT,Joined,"20/06/2021, 10:24:37"
