Full Name,User Action,Timestamp
Akinul Islam Jony,Joined,"25/05/2021, 10:00:33"
MEHEDI HASAN NILOY,Joined,"25/05/2021, 10:00:54"
KASIRA - TUT- TARFI,Joined,"25/05/2021, 10:00:58"
SAFIQUL ISLAM SOIKAT,Joined,"25/05/2021, 10:00:59"
HIZBULLAH ATIK SIDDIQUE,Joined,"25/05/2021, 10:01:05"
BIJON SAHA,Joined,"25/05/2021, 10:01:06"
MD. ARMAN UDDIN,Joined,"25/05/2021, 10:01:06"
MEHRAB HOSSAIN SHARAN,Joined,"25/05/2021, 10:01:06"
ABDULLAH AL MAMUN SHUVO,Joined,"25/05/2021, 10:01:15"
MD. MAHFUZUR RAHMAN,Joined,"25/05/2021, 10:01:17"
MD. MAHFUZUR RAHMAN,Left,"25/05/2021, 10:14:21"
MD. MAHFUZUR RAHMAN,Joined,"25/05/2021, 10:47:13"
FARDIN HASAN KHAN,Joined,"25/05/2021, 10:01:20"
ISHRAK AHMED ASIF,Joined,"25/05/2021, 10:01:22"
SAIF HAQUE,Joined,"25/05/2021, 10:01:22"
SAIF HAQUE,Left,"25/05/2021, 10:28:35"
SAIF HAQUE,Joined,"25/05/2021, 10:29:16"
TAHMID SHAHRIAR ARNOB,Joined,"25/05/2021, 10:01:29"
TAHMID SHAHRIAR ARNOB,Left,"25/05/2021, 10:31:17"
TAHMID SHAHRIAR ARNOB,Joined,"25/05/2021, 10:31:21"
MD. FARHAN TANVIR,Joined,"25/05/2021, 10:01:40"
S. M. A. WASEI,Joined,"25/05/2021, 10:01:40"
MD. ASIKUR RAHMAN SAUMIK,Joined,"25/05/2021, 10:01:56"
BHUIYAN SAAD BIN MOBARAK,Joined,"25/05/2021, 10:02:10"
MD. AL-EMRAN PARAG,Joined,"25/05/2021, 10:02:11"
TAMIM SULTANA ONKITA,Joined,"25/05/2021, 10:02:20"
TAMIM SULTANA ONKITA,Left,"25/05/2021, 10:11:52"
TAMIM SULTANA ONKITA,Joined,"25/05/2021, 10:12:03"
REHENUMA TABASSUM MEGHLA,Joined,"25/05/2021, 10:02:24"
REHENUMA TABASSUM MEGHLA,Left,"25/05/2021, 11:35:14"
REHENUMA TABASSUM MEGHLA,Joined,"25/05/2021, 11:37:29"
ABDUL MAJID,Joined,"25/05/2021, 10:02:40"
KHALID MASRUR,Joined,"25/05/2021, 10:02:42"
MUHAMMAD AL AMIN,Joined,"25/05/2021, 10:02:48"
ASIF IQBAL BIN HARUN,Joined,"25/05/2021, 10:03:25"
SAZZAD HASAN,Joined,"25/05/2021, 10:03:27"
RAIHAN UDDIN,Joined,"25/05/2021, 10:03:28"
MD. MAHMUDUL HASAN,Joined,"25/05/2021, 10:03:49"
MD. MAHMUDUL HASAN,Left,"25/05/2021, 10:42:37"
MD. MAHMUDUL HASAN,Joined,"25/05/2021, 10:42:54"
MD. MAHMUDUL HASAN,Left,"25/05/2021, 10:45:04"
MD. MAHMUDUL HASAN,Joined,"25/05/2021, 10:45:04"
SUMNOON-E-TAHA,Joined,"25/05/2021, 10:04:01"
MOHAMMAD ALI,Joined,"25/05/2021, 10:04:45"
MOHIM BHOWMICK,Joined,"25/05/2021, 10:04:56"
READOAN KHAN RATUL,Joined,"25/05/2021, 10:05:46"
READOAN KHAN RATUL,Left,"25/05/2021, 10:11:23"
READOAN KHAN RATUL,Joined,"25/05/2021, 10:12:02"
HASIBUL HASSAIN,Joined,"25/05/2021, 10:06:02"
MOHAMMAED HASIB PRANTO,Joined,"25/05/2021, 10:06:12"
LAMIA MANNAN,Joined,"25/05/2021, 10:08:45"
JAFRIN MONSUR KHAN,Joined,"25/05/2021, 10:08:55"
MD. RATUL AMAN,Joined,"25/05/2021, 10:10:00"
MD. RATUL AMAN,Left,"25/05/2021, 10:38:30"
MD. RATUL AMAN,Joined,"25/05/2021, 10:38:34"
MD. IMRAN HOSSAIN,Joined,"25/05/2021, 10:11:34"
MD. IMRAN HOSSAIN,Left,"25/05/2021, 10:23:20"
MD. IMRAN HOSSAIN,Joined,"25/05/2021, 10:23:20"
NURA YEASDANI,Joined,"25/05/2021, 10:16:06"
NURA YEASDANI,Left,"25/05/2021, 11:09:31"
NURA YEASDANI,Joined,"25/05/2021, 11:10:44"
KHAN MD. EHSAN,Joined,"25/05/2021, 10:19:52"
MD. IBNA JAHID HASSAN,Joined,"25/05/2021, 10:41:43"
MD. IBNA JAHID HASSAN,Left,"25/05/2021, 10:47:52"
MD. SAMIN ANJUM,Joined,"25/05/2021, 10:49:31"
MD. SAMIN ANJUM,Left,"25/05/2021, 10:55:39"
MD. SAMIN ANJUM,Joined,"25/05/2021, 10:56:02"
