Full Name,User Action,Timestamp
Akinul Islam Jony,Joined,"17/06/2021, 09:00:45"
MD. ASIKUR RAHMAN SAUMIK,Joined,"17/06/2021, 09:01:04"
RAIHAN UDDIN,Joined,"17/06/2021, 09:01:09"
MD. IMRAN HOSSAIN,Joined,"17/06/2021, 09:01:19"
MD. IMRAN HOSSAIN,Left,"17/06/2021, 10:36:13"
BIJON SAHA,Joined,"17/06/2021, 09:01:21"
KHALID MASRUR,Joined,"17/06/2021, 09:01:23"
ABDULLAH AL MAMUN SHUVO,Joined,"17/06/2021, 09:01:26"
OASIF ASHRAF,Joined,"17/06/2021, 09:01:30"
MD. FARHAN TANVIR,Joined,"17/06/2021, 09:01:32"
BHUIYAN SAAD BIN MOBARAK,Joined,"17/06/2021, 09:01:40"
KASIRA - TUT- TARFI,Joined,"17/06/2021, 09:01:50"
KASIRA - TUT- TARFI,Left,"17/06/2021, 09:03:57"
KASIRA - TUT- TARFI,Joined,"17/06/2021, 09:04:09"
MD. MAHFUZUR RAHMAN,Joined,"17/06/2021, 09:01:51"
MUHAMMAD AL AMIN,Joined,"17/06/2021, 09:01:59"
MD. RATUL AMAN,Joined,"17/06/2021, 09:02:12"
MD. RATUL AMAN,Left,"17/06/2021, 09:20:53"
MD. RATUL AMAN,Joined,"17/06/2021, 09:23:27"
MD. RATUL AMAN,Left,"17/06/2021, 09:46:32"
MD. RATUL AMAN,Joined,"17/06/2021, 09:49:05"
MD. RATUL AMAN,Left,"17/06/2021, 09:50:59"
MD. RATUL AMAN,Joined,"17/06/2021, 09:51:45"
REHENUMA TABASSUM MEGHLA,Joined,"17/06/2021, 09:02:17"
REHENUMA TABASSUM MEGHLA,Left,"17/06/2021, 10:02:19"
SAZZAD HASAN,Joined,"17/06/2021, 09:02:17"
WASIMUL ISLAM TALUKDER,Joined,"17/06/2021, 09:02:21"
SAIF HAQUE,Joined,"17/06/2021, 09:02:25"
SAIF HAQUE,Left,"17/06/2021, 09:05:59"
SAIF HAQUE,Joined,"17/06/2021, 09:06:55"
MD. ARMAN UDDIN,Joined,"17/06/2021, 09:02:33"
MEHEDI HASAN NILOY,Joined,"17/06/2021, 09:02:38"
MEHEDI HASAN NILOY,Left,"17/06/2021, 10:38:25"
MEHEDI HASAN NILOY,Joined,"17/06/2021, 10:38:41"
MEHRAB HOSSAIN SHARAN,Joined,"17/06/2021, 09:03:17"
ISHRAK AHMED ASIF,Joined,"17/06/2021, 09:03:21"
TAMIM SULTANA ONKITA,Joined,"17/06/2021, 09:03:41"
HIZBULLAH ATIK SIDDIQUE,Joined,"17/06/2021, 09:03:48"
MD. MAHMUDUL HASAN,Joined,"17/06/2021, 09:04:41"
READOAN KHAN RATUL,Joined,"17/06/2021, 09:05:48"
MD. AL-EMRAN PARAG,Joined,"17/06/2021, 09:06:04"
ABDUL MAJID,Joined,"17/06/2021, 09:06:05"
ABDUL MAJID,Left,"17/06/2021, 10:35:40"
ABDUL MAJID,Joined,"17/06/2021, 10:36:15"
ABDUL MAJID,Left,"17/06/2021, 10:40:54"
ABDUL MAJID,Joined,"17/06/2021, 10:41:07"
SANJADUL ALOM PIYAS,Joined,"17/06/2021, 09:06:17"
S. M. A. WASEI,Joined,"17/06/2021, 09:08:09"
MOHAMMAD ALI,Joined,"17/06/2021, 09:10:46"
MOHAMMAD ALI,Left,"17/06/2021, 09:42:51"
JAFRIN MONSUR KHAN,Joined,"17/06/2021, 09:11:05"
JAFRIN MONSUR KHAN,Left,"17/06/2021, 10:31:12"
IFTIKHER AHMED LIUM,Joined,"17/06/2021, 09:12:05"
IFTIKHER AHMED LIUM,Left,"17/06/2021, 10:08:31"
IFTIKHER AHMED LIUM,Joined,"17/06/2021, 10:14:51"
MOHAMMAED HASIB PRANTO,Joined,"17/06/2021, 09:14:04"
MOHAMMAED HASIB PRANTO,Left,"17/06/2021, 09:28:54"
ASIF IQBAL BIN HARUN,Joined,"17/06/2021, 09:20:11"
ASIF IQBAL BIN HARUN,Left,"17/06/2021, 10:38:02"
HASIBUL HASSAIN,Joined,"17/06/2021, 09:25:59"
HASIBUL HASSAIN,Left,"17/06/2021, 09:27:45"
HASIBUL HASSAIN,Joined,"17/06/2021, 09:31:10"
HASIBUL HASSAIN,Left,"17/06/2021, 09:38:07"
HASIBUL HASSAIN,Joined,"17/06/2021, 09:47:46"
HASIBUL HASSAIN,Left,"17/06/2021, 10:12:50"
HASIBUL HASSAIN,Joined,"17/06/2021, 10:14:22"
HASIBUL HASSAIN,Left,"17/06/2021, 10:45:47"
SUMNOON-E-TAHA,Joined,"17/06/2021, 09:31:26"
MD. IBNA JAHID HASSAN,Joined,"17/06/2021, 09:32:00"
MD. IBNA JAHID HASSAN,Left,"17/06/2021, 09:34:18"
MD. IBNA JAHID HASSAN,Joined,"17/06/2021, 09:34:47"
MD. IBNA JAHID HASSAN,Left,"17/06/2021, 10:02:07"
MD. IBNA JAHID HASSAN,Joined,"17/06/2021, 10:03:50"
MD. IBNA JAHID HASSAN,Left,"17/06/2021, 10:12:54"
MD. IBNA JAHID HASSAN,Joined,"17/06/2021, 10:13:05"
FARDIN HASAN KHAN,Joined,"17/06/2021, 09:44:38"
FARDIN HASAN KHAN,Left,"17/06/2021, 10:05:12"
FARDIN HASAN KHAN,Joined,"17/06/2021, 10:05:52"
NURA YEASDANI,Joined,"17/06/2021, 09:51:04"
NURA YEASDANI,Left,"17/06/2021, 09:51:24"
NURA YEASDANI,Joined,"17/06/2021, 09:51:31"
MOHIM BHOWMICK,Joined,"17/06/2021, 10:06:58"
