Full Name,User Action,Timestamp
Akinul Islam Jony,Joined,"01/06/2021, 10:00:56"
Akinul Islam Jony,Left,"01/06/2021, 10:01:17"
Akinul Islam Jony,Joined,"01/06/2021, 10:01:36"
S. M. A. WASEI,Joined,"01/06/2021, 10:01:52"
MD. ASIKUR RAHMAN SAUMIK,Joined,"01/06/2021, 10:01:53"
MD. ASIKUR RAHMAN SAUMIK,Left,"01/06/2021, 10:03:42"
MD. ASIKUR RAHMAN SAUMIK,Joined,"01/06/2021, 10:03:47"
ISHRAK AHMED ASIF,Joined,"01/06/2021, 10:01:56"
SAFIQUL ISLAM SOIKAT,Joined,"01/06/2021, 10:01:57"
BHUIYAN SAAD BIN MOBARAK,Joined,"01/06/2021, 10:01:57"
KASIRA - TUT- TARFI,Joined,"01/06/2021, 10:01:58"
MOHIM BHOWMICK,Joined,"01/06/2021, 10:01:58"
SUMNOON-E-TAHA,Joined,"01/06/2021, 10:01:59"
TAHMID SHAHRIAR ARNOB,Joined,"01/06/2021, 10:02:01"
TAHMID SHAHRIAR ARNOB,Left,"01/06/2021, 10:03:25"
TAHMID SHAHRIAR ARNOB,Joined,"01/06/2021, 10:04:54"
TAHMID SHAHRIAR ARNOB,Left,"01/06/2021, 10:47:00"
TAHMID SHAHRIAR ARNOB,Joined,"01/06/2021, 10:51:06"
TAHMID SHAHRIAR ARNOB,Left,"01/06/2021, 11:16:36"
ABDULLAH AL MAMUN SHUVO,Joined,"01/06/2021, 10:02:06"
BIJON SAHA,Joined,"01/06/2021, 10:02:06"
ASIF IQBAL BIN HARUN,Joined,"01/06/2021, 10:02:08"
ASIF IQBAL BIN HARUN,Left,"01/06/2021, 11:23:46"
ASIF IQBAL BIN HARUN,Joined,"01/06/2021, 11:25:41"
MD. FARHAN TANVIR,Joined,"01/06/2021, 10:02:11"
MEHEDI HASAN NILOY,Joined,"01/06/2021, 10:02:16"
NURA YEASDANI,Joined,"01/06/2021, 10:02:17"
MD. MAHMUDUL HASAN,Joined,"01/06/2021, 10:02:21"
MD. MAHMUDUL HASAN,Left,"01/06/2021, 11:01:23"
MD. MAHMUDUL HASAN,Joined,"01/06/2021, 11:02:02"
SAIF HAQUE,Joined,"01/06/2021, 10:02:40"
SAIF HAQUE,Left,"01/06/2021, 10:04:15"
SAIF HAQUE,Joined,"01/06/2021, 10:04:25"
SAIF HAQUE,Left,"01/06/2021, 11:49:39"
MD. IMRAN HOSSAIN,Joined,"01/06/2021, 10:02:45"
REHENUMA TABASSUM MEGHLA,Joined,"01/06/2021, 10:02:45"
REHENUMA TABASSUM MEGHLA,Left,"01/06/2021, 10:32:03"
REHENUMA TABASSUM MEGHLA,Joined,"01/06/2021, 10:32:21"
REHENUMA TABASSUM MEGHLA,Left,"01/06/2021, 11:06:59"
REHENUMA TABASSUM MEGHLA,Joined,"01/06/2021, 11:08:22"
REHENUMA TABASSUM MEGHLA,Left,"01/06/2021, 11:42:21"
REHENUMA TABASSUM MEGHLA,Joined,"01/06/2021, 11:43:50"
MEHRAB HOSSAIN SHARAN,Joined,"01/06/2021, 10:02:59"
RAIHAN UDDIN,Joined,"01/06/2021, 10:03:09"
MUHAMMAD AL AMIN,Joined,"01/06/2021, 10:03:49"
MD. MAHFUZUR RAHMAN,Joined,"01/06/2021, 10:03:54"
MOHAMMAD ALI,Joined,"01/06/2021, 10:04:01"
MD MEHRAB SADIK,Joined,"01/06/2021, 10:04:31"
MD MEHRAB SADIK,Left,"01/06/2021, 10:19:07"
MD MEHRAB SADIK,Joined,"01/06/2021, 10:19:10"
MD. RATUL AMAN,Joined,"01/06/2021, 10:04:33"
ABDUL MAJID,Joined,"01/06/2021, 10:04:54"
MD. ARMAN UDDIN,Joined,"01/06/2021, 10:05:19"
MOHAMMAED HASIB PRANTO,Joined,"01/06/2021, 10:05:37"
MOHAMMAED HASIB PRANTO,Left,"01/06/2021, 10:13:38"
MOHAMMAED HASIB PRANTO,Joined,"01/06/2021, 10:13:52"
MOHAMMAED HASIB PRANTO,Left,"01/06/2021, 11:38:47"
MOHAMMAED HASIB PRANTO,Joined,"01/06/2021, 11:40:12"
FARDIN HASAN KHAN,Joined,"01/06/2021, 10:06:43"
FARDIN HASAN KHAN,Left,"01/06/2021, 10:20:29"
FARDIN HASAN KHAN,Joined,"01/06/2021, 10:20:41"
READOAN KHAN RATUL,Joined,"01/06/2021, 10:07:11"
SANJADUL ALOM PIYAS,Joined,"01/06/2021, 10:07:26"
TAMIM SULTANA ONKITA,Joined,"01/06/2021, 10:07:50"
HIZBULLAH ATIK SIDDIQUE,Joined,"01/06/2021, 10:09:38"
MD. IBNA JAHID HASSAN,Joined,"01/06/2021, 10:10:03"
MD. IBNA JAHID HASSAN,Left,"01/06/2021, 10:28:56"
MD. IBNA JAHID HASSAN,Joined,"01/06/2021, 10:31:02"
MD. IBNA JAHID HASSAN,Left,"01/06/2021, 10:41:36"
MD. IBNA JAHID HASSAN,Joined,"01/06/2021, 10:41:42"
MD. IBNA JAHID HASSAN,Left,"01/06/2021, 10:50:16"
MD. IBNA JAHID HASSAN,Joined,"01/06/2021, 10:50:34"
MD. IBNA JAHID HASSAN,Left,"01/06/2021, 11:03:12"
MD. IBNA JAHID HASSAN,Joined,"01/06/2021, 11:14:06"
SAZZAD HASAN,Joined,"01/06/2021, 10:11:36"
MD. AL-EMRAN PARAG,Joined,"01/06/2021, 10:12:16"
JAFRIN MONSUR KHAN,Joined,"01/06/2021, 10:14:33"
JAFRIN MONSUR KHAN,Left,"01/06/2021, 11:32:35"
JAFRIN MONSUR KHAN,Joined,"01/06/2021, 11:42:08"
LAMIA MANNAN,Joined,"01/06/2021, 10:26:01"
LAMIA MANNAN,Left,"01/06/2021, 11:11:08"
LAMIA MANNAN,Joined,"01/06/2021, 11:14:31"
LAMIA MANNAN,Left,"01/06/2021, 11:15:17"
LAMIA MANNAN,Joined,"01/06/2021, 11:28:47"
LAMIA MANNAN,Left,"01/06/2021, 11:41:49"
LAMIA MANNAN,Joined,"01/06/2021, 11:42:19"
HASIBUL HASSAIN,Joined,"01/06/2021, 11:07:46"
MD. SAMIN ANJUM,Joined,"01/06/2021, 11:46:16"
